{
    "origin": [
        0.0,
        0.0,
        -1.5
    ],
    "x": [
        -1.0,
        8.742277657347586e-08,
        8.742277657347586e-08
    ],
    "y": [
        8.74227694680485e-08,
        1.0,
        -8.742277657347586e-08
    ],
    "z": [
        -8.742279078433057e-08,
        -8.74227694680485e-08,
        -1.0
    ]
}