{
    "origin": [
        0.29036980867385864,
        0.07534055411815643,
        -1.4696969985961914
    ],
    "x": [
        -0.25114816427230835,
        0.9679486751556396,
        -3.8941436741879443e-07
    ],
    "y": [
        0.9483941197395325,
        0.24607455730438232,
        0.1999896615743637
    ],
    "z": [
        0.19357982277870178,
        0.05022666975855827,
        -0.9797980189323425
    ]
}