{
    "origin": [
        0.3688276708126068,
        0.20521020889282227,
        -1.4393939971923828
    ],
    "x": [
        -0.486196905374527,
        0.8738492727279663,
        -1.5099580252808664e-07
    ],
    "y": [
        0.8385422229766846,
        0.46655264496803284,
        0.2813814580440521
    ],
    "z": [
        0.24588505923748016,
        0.1368066668510437,
        -0.9595959782600403
    ]
}