{
    "origin": [
        0.372187077999115,
        0.3548796772956848,
        -1.4090908765792847
    ],
    "x": [
        -0.6900792121887207,
        0.7237338423728943,
        8.742277657347586e-08
    ],
    "y": [
        0.6798712611198425,
        0.648256242275238,
        0.3428395688533783
    ],
    "z": [
        0.24812455475330353,
        0.23658651113510132,
        -0.9393939971923828
    ]
}