{
    "origin": [
        0.3114399015903473,
        0.5019453763961792,
        -1.378787875175476
    ],
    "x": [
        -0.8497254252433777,
        0.5272254943847656,
        -1.5099580252808664e-07
    ],
    "y": [
        0.48462140560150146,
        0.7810608148574829,
        0.3938097357749939
    ],
    "z": [
        0.20762664079666138,
        0.3346300721168518,
        -0.9191919565200806
    ]
}