{
    "origin": [
        0.1950630396604538,
        0.6273269057273865,
        -1.3484848737716675
    ],
    "x": [
        -0.9549022316932678,
        0.2969203293323517,
        1.5099580252808664e-07
    ],
    "y": [
        0.26692843437194824,
        0.8584474921226501,
        0.4379693567752838
    ],
    "z": [
        0.13004186749458313,
        0.4182179570198059,
        -0.8989899158477783
    ]
}