{
    "origin": [
        0.0340600349009037,
        0.7150081396102905,
        -1.3181818723678589
    ],
    "x": [
        -0.9988673329353333,
        0.047581858932971954,
        -1.5099580252808664e-07
    ],
    "y": [
        0.04181429743766785,
        0.8777927160263062,
        0.4772122800350189
    ],
    "z": [
        0.022706780582666397,
        0.4766717553138733,
        -0.8787880539894104
    ]
}