{
    "origin": [
        -0.15749728679656982,
        0.7527036666870117,
        -1.2878787517547607
    ],
    "x": [
        -0.9788024425506592,
        -0.20480674505233765,
        8.742277657347586e-08
    ],
    "y": [
        -0.17584416270256042,
        0.8403860330581665,
        0.5126696228981018
    ],
    "z": [
        -0.10499826818704605,
        0.5018022656440735,
        -0.8585859537124634
    ]
}