{
    "origin": [
        -0.36307793855667114,
        0.7325828671455383,
        -1.2575757503509521
    ],
    "x": [
        -0.8959938287734985,
        -0.44406646490097046,
        8.742277657347586e-08
    ],
    "y": [
        -0.37229809165000916,
        0.7511867880821228,
        0.545080304145813
    ],
    "z": [
        -0.24205195903778076,
        0.4883885979652405,
        -0.8383838534355164
    ]
}