{
    "origin": [
        -0.564777672290802,
        0.6517881751060486,
        -1.2272727489471436
    ],
    "x": [
        -0.7557496428489685,
        -0.6548606753349304,
        -1.5099580252808664e-07
    ],
    "y": [
        -0.5357952117919922,
        0.6183405518531799,
        0.5749595165252686
    ],
    "z": [
        -0.37651827931404114,
        0.4345255196094513,
        -0.8181818723678589
    ]
}