{
    "origin": [
        -0.7446252703666687,
        0.5126370191574097,
        -1.196969747543335
    ],
    "x": [
        -0.5670598745346069,
        -0.823676586151123,
        -5.710371553391269e-08
    ],
    "y": [
        -0.6572773456573486,
        0.4525023102760315,
        0.6026841402053833
    ],
    "z": [
        -0.49641677737236023,
        0.34175801277160645,
        -0.7979798316955566
    ]
}