{
    "origin": [
        -0.8859506845474243,
        0.32245969772338867,
        -1.1666666269302368
    ],
    "x": [
        -0.3420202434062958,
        -0.9396926164627075,
        -1.4516770008299318e-08
    ],
    "y": [
        -0.7308720350265503,
        0.2660157382488251,
        0.6285393834114075
    ],
    "z": [
        -0.590633749961853,
        0.21497319638729095,
        -0.7777777910232544
    ]
}