{
    "origin": [
        -0.9746873378753662,
        0.0930713564157486,
        -1.1363636255264282
    ],
    "x": [
        -0.09505601227283478,
        -0.9954719543457031,
        4.183565494031427e-08
    ],
    "y": [
        -0.7541453838348389,
        0.07201215624809265,
        0.6527472138404846
    ],
    "z": [
        -0.6497915387153625,
        0.06204751878976822,
        -0.7575757503509521
    ]
}