{
    "origin": [
        -1.000500202178955,
        -0.1600913554430008,
        -1.1060606241226196
    ],
    "x": [
        0.15800119936466217,
        -0.9874389171600342,
        -7.090547171628714e-08
    ],
    "y": [
        -0.7281115651130676,
        -0.11650598794221878,
        0.6754848957061768
    ],
    "z": [
        -0.6670001149177551,
        -0.10672736912965775,
        -0.7373738288879395
    ]
}