{
    "origin": [
        -0.9576491713523865,
        -0.41911062598228455,
        -1.075757622718811
    ],
    "x": [
        0.40093058347702026,
        -0.9161084294319153,
        -8.642524562674225e-08
    ],
    "y": [
        -0.657007098197937,
        -0.2875361442565918,
        0.6968964338302612
    ],
    "z": [
        -0.6384327411651611,
        -0.2794070243835449,
        -0.7171717882156372
    ]
}