{
    "origin": [
        -0.8455187082290649,
        -0.6649232506752014,
        -1.045454502105713
    ],
    "x": [
        0.6181589961051941,
        -0.7860531210899353,
        1.2592029463576182e-07
    ],
    "y": [
        -0.5478553175926208,
        -0.43083807826042175,
        0.7171005010604858
    ],
    "z": [
        -0.5636789798736572,
        -0.4432821571826935,
        -0.6969698071479797
    ]
}