{
    "origin": [
        -0.6687717437744141,
        -0.8787558078765869,
        -1.0151515007019043
    ],
    "x": [
        0.7957618832588196,
        -0.6056095957756042,
        1.600037435878221e-08
    ],
    "y": [
        -0.40985697507858276,
        -0.5385458469390869,
        0.7361966967582703
    ],
    "z": [
        -0.4458477795124054,
        -0.5858373045921326,
        -0.6767675876617432
    ]
}