{
    "origin": [
        -0.43711215257644653,
        -1.043554663658142,
        -0.9848484992980957
    ],
    "x": [
        0.9223542213439941,
        -0.386345237493515,
        3.935882375571964e-08
    ],
    "y": [
        -0.25366106629371643,
        -0.6055861711502075,
        0.7542688250541687
    ],
    "z": [
        -0.29140815138816833,
        -0.6957030892372131,
        -0.6565657258033752
    ]
}