{
    "origin": [
        -0.1646701991558075,
        -1.1453063488006592,
        -0.9545454382896423
    ],
    "x": [
        0.9898214340209961,
        -0.1423148363828659,
        1.6031822980266952e-08
    ],
    "y": [
        -0.09056399017572403,
        -0.6298863291740417,
        0.7713892459869385
    ],
    "z": [
        -0.10978012531995773,
        -0.7635376453399658,
        -0.6363635659217834
    ]
}