{
    "origin": [
        0.1309475302696228,
        -1.1741502285003662,
        -0.9242424368858337
    ],
    "x": [
        0.9938384890556335,
        0.11083821952342987,
        7.1338055462888406e-09
    ],
    "y": [
        0.06829424947500229,
        -0.6123651266098022,
        0.7876197099685669
    ],
    "z": [
        0.08729837089776993,
        -0.7827667593955994,
        -0.6161616444587708
    ]
}