{
    "origin": [
        0.4298771619796753,
        -1.1252013444900513,
        -0.8939393758773804
    ],
    "x": [
        0.934147834777832,
        0.35688626766204834,
        -1.0323587318339378e-08
    ],
    "y": [
        0.21268980205059052,
        -0.5567143559455872,
        0.8030144572257996
    ],
    "z": [
        0.2865848243236542,
        -0.7501342296600342,
        -0.5959595441818237
    ]
}