{
    "origin": [
        0.7113996148109436,
        -0.9990209341049194,
        -0.8636363744735718
    ],
    "x": [
        0.8145759105682373,
        0.5800570249557495,
        -1.3948198329671868e-07
    ],
    "y": [
        0.33397239446640015,
        -0.4689982831478119,
        0.8176203966140747
    ],
    "z": [
        0.4742663502693176,
        -0.6660138964653015,
        -0.5757576823234558
    ]
}