{
    "origin": [
        0.9554252624511719,
        -0.8016970157623291,
        -0.8333333134651184
    ],
    "x": [
        0.6427875757217407,
        0.7660444974899292,
        3.42783970097571e-08
    ],
    "y": [
        0.42558035254478455,
        -0.3571043014526367,
        0.8314793109893799
    ],
    "z": [
        0.6369501352310181,
        -0.5344645380973816,
        -0.5555557012557983
    ]
}