{
    "origin": [
        1.1439557075500488,
        -0.5445252656936646,
        -0.8030303120613098
    ],
    "x": [
        0.42979496717453003,
        0.902926504611969,
        1.2822590633732034e-07
    ],
    "y": [
        0.483384907245636,
        -0.2300923615694046,
        0.8446280360221863
    ],
    "z": [
        0.7626370787620544,
        -0.363016813993454,
        -0.5353536009788513
    ]
}