{
    "origin": [
        1.2624152898788452,
        -0.2433106154203415,
        -0.7727272510528564
    ],
    "x": [
        0.18925128877162933,
        0.9819287061691284,
        -8.457773503778299e-08
    ],
    "y": [
        0.5058417916297913,
        -0.09749297052621841,
        0.8570992946624756
    ],
    "z": [
        0.8416103720664978,
        -0.16220718622207642,
        -0.5151512622833252
    ]
}