{
    "origin": [
        1.3007584810256958,
        0.08266563713550568,
        -0.7424242496490479
    ],
    "x": [
        -0.063423752784729,
        0.9979866743087769,
        -1.5318393309371459e-07
    ],
    "y": [
        0.4939529597759247,
        0.0313916839659214,
        0.8689217567443848
    ],
    "z": [
        0.867172360420227,
        0.055110204964876175,
        -0.49494946002960205
    ]
}