{
    "origin": [
        1.2542678117752075,
        0.4119412899017334,
        -0.7121211886405945
    ],
    "x": [
        -0.3120335340499878,
        0.9500710964202881,
        -3.8661060131062186e-08
    ],
    "y": [
        0.451043963432312,
        0.1481371968984604,
        0.8801220059394836
    ],
    "z": [
        0.8361784815788269,
        0.27462753653526306,
        -0.47474759817123413
    ]
}