{
    "origin": [
        1.1239864826202393,
        0.7223422527313232,
        -0.6818181872367859
    ],
    "x": [
        -0.5406407713890076,
        0.8412535786628723,
        8.994124556238603e-08
    ],
    "y": [
        0.3823881447315216,
        0.24574582278728485,
        0.890723466873169
    ],
    "z": [
        0.7493242621421814,
        0.48156148195266724,
        -0.4545455873012543
    ]
}