{
    "origin": [
        0.9167483448982239,
        0.9925222992897034,
        -0.6515151262283325
    ],
    "x": [
        -0.7345917820930481,
        0.6785093545913696,
        6.919346873246468e-08
    ],
    "y": [
        0.2947062849998474,
        0.31906524300575256,
        0.9007472395896912
    ],
    "z": [
        0.6111654043197632,
        0.6616815328598022,
        -0.43434369564056396
    ]
}