{
    "origin": [
        0.64480060338974,
        1.2034648656845093,
        -0.6212121248245239
    ],
    "x": [
        -0.8814534544944763,
        0.4722709059715271,
        -3.256280933783273e-08
    ],
    "y": [
        0.19558703899383545,
        0.3650466203689575,
        0.9102124571800232
    ],
    "z": [
        0.42986685037612915,
        0.8023098707199097,
        -0.4141416847705841
    ]
}