{
    "origin": [
        0.3250419497489929,
        1.3398411273956299,
        -0.5909090638160706
    ],
    "x": [
        -0.9718115329742432,
        0.23575900495052338,
        1.5099580252808664e-07
    ],
    "y": [
        0.0928749367594719,
        0.3828350007534027,
        0.9191363453865051
    ],
    "z": [
        0.21669460833072662,
        0.8932273387908936,
        -0.3939395844936371
    ]
}