{
    "origin": [
        -0.022074345499277115,
        1.3911267518997192,
        -0.560606062412262
    ],
    "x": [
        -0.9998741149902344,
        -0.015865949913859367,
        1.5099580252808664e-07
    ],
    "y": [
        -0.005929556675255299,
        0.3736902177333832,
        0.9275345802307129
    ],
    "z": [
        -0.014716273173689842,
        0.9274178743362427,
        -0.37373727560043335
    ]
}