{
    "origin": [
        -0.7071067690849304,
        1.2247449159622192,
        -0.5
    ],
    "x": [
        -0.8660255074501038,
        -0.4999998211860657,
        1.2800148851965787e-07
    ],
    "y": [
        -0.16666661202907562,
        0.2886753976345062,
        0.942808985710144
    ],
    "z": [
        -0.47140437364578247,
        0.8164966106414795,
        -0.3333335220813751
    ]
}