{
    "origin": [
        -0.9992964267730713,
        1.0152790546417236,
        -0.469696968793869
    ],
    "x": [
        -0.7126942276954651,
        -0.7014748454093933,
        -5.4790689318906516e-08
    ],
    "y": [
        -0.21965380012989044,
        0.22316685318946838,
        0.9497098326683044
    ],
    "z": [
        -0.6661975383758545,
        0.6768527030944824,
        -0.31313133239746094
    ]
}