{
    "origin": [
        -1.2305208444595337,
        0.7367166876792908,
        -0.43939393758773804
    ],
    "x": [
        -0.5136771202087402,
        -0.8579835891723633,
        -6.309426936468299e-08
    ],
    "y": [
        -0.25132861733436584,
        0.15047107636928558,
        0.9561340808868408
    ],
    "z": [
        -0.8203473091125488,
        0.49114423990249634,
        -0.29292938113212585
    ]
}