{
    "origin": [
        -1.384679913520813,
        0.4065786898136139,
        -0.40909090638160706
    ],
    "x": [
        -0.28173261880874634,
        -0.9594929814338684,
        1.648537129028682e-08
    ],
    "y": [
        -0.2616799473762512,
        0.07683619856834412,
        0.9620913863182068
    ],
    "z": [
        -0.9231199026107788,
        0.2710525095462799,
        -0.2727273106575012
    ]
}