{
    "origin": [
        -1.4506547451019287,
        0.046049460768699646,
        -0.3787878751754761
    ],
    "x": [
        -0.0317281112074852,
        -0.9994965195655823,
        -2.492111406127151e-08
    ],
    "y": [
        -0.2523982524871826,
        0.008012129925191402,
        0.9675902724266052
    ],
    "z": [
        -0.967103123664856,
        0.030699817463755608,
        -0.2525253891944885
    ]
}