{
    "origin": [
        -1.423111081123352,
        -0.32142379879951477,
        -0.3484848439693451
    ],
    "x": [
        0.22031059861183167,
        -0.9754297733306885,
        -5.2296947217200795e-08
    ],
    "y": [
        -0.2266150414943695,
        -0.05118333175778389,
        0.9726386070251465
    ],
    "z": [
        -0.9487406611442566,
        -0.2142825871706009,
        -0.2323232889175415
    ]
}