{
    "origin": [
        -1.3029128313064575,
        -0.6716982126235962,
        -0.3181818127632141
    ],
    "x": [
        0.45822638273239136,
        -0.8888355493545532,
        8.572441601018e-08
    ],
    "y": [
        -0.1885409951210022,
        -0.09719950705766678,
        0.9772433638572693
    ],
    "z": [
        -0.8686085939407349,
        -0.4477986991405487,
        -0.21212130784988403
    ]
}