{
    "origin": [
        -1.0971157550811768,
        -0.9815613627433777,
        -0.28787878155708313
    ],
    "x": [
        0.6667690873146057,
        -0.7452643513679504,
        3.977257279075275e-08
    ],
    "y": [
        -0.14303037524223328,
        -0.12796559929847717,
        0.981410801410675
    ],
    "z": [
        -0.7314105033874512,
        -0.654374361038208,
        -0.19191893935203552
    ]
}