{
    "origin": [
        -0.8185384273529053,
        -1.2303045988082886,
        -0.25757575035095215
    ],
    "x": [
        0.8325697779655457,
        -0.5539202094078064,
        -1.1762875118392913e-09
    ],
    "y": [
        -0.0951177105307579,
        -0.14296668767929077,
        0.9851462841033936
    ],
    "z": [
        -0.5456923842430115,
        -0.8202030062675476,
        -0.17171736061573029
    ]
}