{
    "origin": [
        -0.4849379062652588,
        -1.401136040687561,
        -0.22727273404598236
    ],
    "x": [
        0.9450008273124695,
        -0.3270680010318756,
        -2.2181966485845805e-08
    ],
    "y": [
        -0.04955578222870827,
        -0.14318208396434784,
        0.9884549379348755
    ],
    "z": [
        -0.32329198718070984,
        -0.9340906739234924,
        -0.15151529014110565
    ]
}