{
    "origin": [
        -0.11784558743238449,
        -1.4823343753814697,
        -0.19696970283985138
    ],
    "x": [
        0.9968547821044922,
        -0.07924994826316833,
        6.8093251037737446e-09
    ],
    "y": [
        -0.010406551882624626,
        -0.13089995086193085,
        0.9913409352302551
    ],
    "z": [
        -0.07856371998786926,
        -0.9882229566574097,
        -0.13131295144557953
    ]
}