{
    "origin": [
        0.25885942578315735,
        -1.4680646657943726,
        -0.1666666716337204
    ],
    "x": [
        0.9848077297210693,
        0.17364823818206787,
        -1.3996439562902196e-08
    ],
    "y": [
        0.019294288009405136,
        -0.10942322760820389,
        0.9938079714775085
    ],
    "z": [
        0.1725730001926422,
        -0.9787098169326782,
        -0.11111126095056534
    ]
}