{
    "origin": [
        0.6205422878265381,
        -1.3587980270385742,
        -0.13636364042758942
    ],
    "x": [
        0.9096319675445557,
        0.4154150187969208,
        4.707211331833605e-08
    ],
    "y": [
        0.03776497393846512,
        -0.08269386738538742,
        0.9958592057228088
    ],
    "z": [
        0.4136948585510254,
        -0.9058653712272644,
        -0.09090912342071533
    ]
}