{
    "origin": [
        0.9434617161750793,
        -1.1613057851791382,
        -0.10606060922145844
    ],
    "x": [
        0.7761463522911072,
        0.6305528283119202,
        1.346699995963263e-08
    ],
    "y": [
        0.044584617018699646,
        -0.05487914755940437,
        0.9974971413612366
    ],
    "z": [
        0.6289746165275574,
        -0.7742037177085876,
        -0.07070720195770264
    ]
}