{
    "origin": [
        1.2063639163970947,
        -0.8882268667221069,
        -0.07575757801532745
    ],
    "x": [
        0.5929077863693237,
        0.8052703738212585,
        3.38793775256363e-08
    ],
    "y": [
        0.04067029431462288,
        -0.02994493395090103,
        0.9987238049507141
    ],
    "z": [
        0.8042426705360413,
        -0.5921511054039001,
        -0.05050516501069069
    ]
}