{
    "origin": [
        1.3919123411178589,
        -0.5572376847267151,
        -0.04545454680919647
    ],
    "x": [
        0.3716624677181244,
        0.9283679127693176,
        5.785504342270542e-08
    ],
    "y": [
        0.02813236229121685,
        -0.01126256212592125,
        0.9995407462120056
    ],
    "z": [
        0.9279415607452393,
        -0.37149178981781006,
        -0.03030305542051792
    ]
}