{
    "origin": [
        1.4878562688827515,
        -0.18987900018692017,
        -0.01515151560306549
    ],
    "x": [
        0.12659259140491486,
        0.9919548034667969,
        7.474813656926926e-09
    ],
    "y": [
        0.010019687004387379,
        -0.0012787131126970053,
        0.9999489784240723
    ],
    "z": [
        0.9919041991233826,
        -0.12658612430095673,
        -0.010100951418280602
    ]
}