{
    "origin": [
        1.4878562688827515,
        0.18987900018692017,
        0.01515151560306549
    ],
    "x": [
        -0.12659244239330292,
        0.9919548034667969,
        -5.515032697189781e-08
    ],
    "y": [
        -0.010019726119935513,
        -0.0012786535080522299,
        0.9999489784240723
    ],
    "z": [
        0.9919041991233826,
        0.1265859752893448,
        0.010100984014570713
    ]
}