{
    "origin": [
        1.3919123411178589,
        0.5572376847267151,
        0.04545454680919647
    ],
    "x": [
        -0.37166255712509155,
        0.9283679127693176,
        1.0955075957497229e-08
    ],
    "y": [
        -0.028132187202572823,
        -0.011262443847954273,
        0.9995407462120056
    ],
    "z": [
        0.9279415607452393,
        0.3714918792247772,
        0.030302848666906357
    ]
}