{
    "origin": [
        1.2063639163970947,
        0.8882268667221069,
        0.07575757801532745
    ],
    "x": [
        -0.5929079055786133,
        0.805270254611969,
        6.863059098805024e-08
    ],
    "y": [
        -0.04067010059952736,
        -0.029944846406579018,
        0.9987238049507141
    ],
    "z": [
        0.8042426109313965,
        0.5921512842178345,
        0.050504960119724274
    ]
}