{
    "origin": [
        0.9434617161750793,
        1.1613057851791382,
        0.10606060922145844
    ],
    "x": [
        -0.7761465311050415,
        0.6305525898933411,
        1.2310050578889786e-07
    ],
    "y": [
        -0.04458438605070114,
        -0.054879069328308105,
        0.9974971413612366
    ],
    "z": [
        0.6289743781089783,
        0.7742039561271667,
        0.07070700079202652
    ]
}