{
    "origin": [
        0.25885942578315735,
        1.4680646657943726,
        0.1666666716337204
    ],
    "x": [
        -0.9848077297210693,
        0.17364829778671265,
        -8.165284981487275e-08
    ],
    "y": [
        -0.01929428242146969,
        -0.10942277312278748,
        0.9938080310821533
    ],
    "z": [
        0.172573059797287,
        0.9787098169326782,
        0.11111081391572952
    ]
}