{
    "origin": [
        -0.11784558743238449,
        1.4823343753814697,
        0.19696970283985138
    ],
    "x": [
        -0.9968547821044922,
        -0.0792500302195549,
        5.694309024306676e-08
    ],
    "y": [
        0.010406623594462872,
        -0.1309000849723816,
        0.9913409352302551
    ],
    "z": [
        -0.07856378704309464,
        0.9882229566574097,
        0.13131310045719147
    ]
}