{
    "origin": [
        -0.4849379062652588,
        1.401136040687561,
        0.22727273404598236
    ],
    "x": [
        -0.9450008273124695,
        -0.32706791162490845,
        -9.30598531567739e-09
    ],
    "y": [
        0.049555715173482895,
        -0.14318189024925232,
        0.9884549379348755
    ],
    "z": [
        -0.3232918977737427,
        0.9340907335281372,
        0.15151508152484894
    ]
}