{
    "origin": [
        -0.8185384273529053,
        1.2303045988082886,
        0.25757575035095215
    ],
    "x": [
        -0.83256995677948,
        -0.5539199113845825,
        -3.4416668626136016e-08
    ],
    "y": [
        0.09511745721101761,
        -0.14296646416187286,
        0.9851462841033936
    ],
    "z": [
        -0.5456922054290771,
        0.8202031850814819,
        0.17171703279018402
    ]
}