{
    "origin": [
        -1.0971157550811768,
        0.9815613627433777,
        0.28787878155708313
    ],
    "x": [
        -0.6667690277099609,
        -0.7452644109725952,
        -4.05822326854377e-08
    ],
    "y": [
        0.14303036034107208,
        -0.12796565890312195,
        0.981410801410675
    ],
    "z": [
        -0.731410562992096,
        0.6543743014335632,
        0.1919189691543579
    ]
}