{
    "origin": [
        -1.3029128313064575,
        0.6716982126235962,
        0.3181818127632141
    ],
    "x": [
        -0.45822665095329285,
        -0.8888353705406189,
        -1.8787972067002556e-08
    ],
    "y": [
        0.18854084610939026,
        -0.09719961881637573,
        0.9772433638572693
    ],
    "z": [
        -0.8686084747314453,
        0.4477989673614502,
        0.21212123334407806
    ]
}