{
    "origin": [
        -1.423111081123352,
        0.32142379879951477,
        0.3484848439693451
    ],
    "x": [
        -0.22031056880950928,
        -0.9754297733306885,
        1.534458675678252e-07
    ],
    "y": [
        0.22661499679088593,
        -0.05118310824036598,
        0.9726386666297913
    ],
    "z": [
        -0.9487406611442566,
        0.21428260207176208,
        0.23232319951057434
    ]
}