{
    "origin": [
        -1.4506547451019287,
        -0.046049460768699646,
        0.3787878751754761
    ],
    "x": [
        0.031727906316518784,
        -0.9994965195655823,
        2.283160327465339e-08
    ],
    "y": [
        0.2523980736732483,
        0.008012117817997932,
        0.96759033203125
    ],
    "z": [
        -0.9671031832695007,
        -0.030699608847498894,
        0.2525252103805542
    ]
}