{
    "origin": [
        -1.384679913520813,
        -0.4065786898136139,
        0.40909090638160706
    ],
    "x": [
        0.2817325294017792,
        -0.9594929814338684,
        -7.422811876267588e-08
    ],
    "y": [
        0.26167988777160645,
        0.07683606445789337,
        0.9620913863182068
    ],
    "z": [
        -0.9231199622154236,
        -0.2710524797439575,
        0.27272725105285645
    ]
}