{
    "origin": [
        -1.2305208444595337,
        -0.7367166876792908,
        0.43939393758773804
    ],
    "x": [
        0.5136772990226746,
        -0.8579834699630737,
        -2.1402126293423862e-08
    ],
    "y": [
        0.25132861733436584,
        0.15047116577625275,
        0.9561340808868408
    ],
    "z": [
        -0.820347249507904,
        -0.4911443591117859,
        0.29292941093444824
    ]
}