{
    "origin": [
        -0.9992964267730713,
        -1.0152790546417236,
        0.469696968793869
    ],
    "x": [
        0.7126942873001099,
        -0.7014747858047485,
        -1.6440569794440307e-08
    ],
    "y": [
        0.21965377032756805,
        0.22316692769527435,
        0.9497098326683044
    ],
    "z": [
        -0.6661974787712097,
        -0.6768527626991272,
        0.3131313621997833
    ]
}