{
    "origin": [
        -0.7071067690849304,
        -1.2247449159622192,
        0.5
    ],
    "x": [
        0.866025447845459,
        -0.49999991059303284,
        -5.553555482151751e-08
    ],
    "y": [
        0.1666666865348816,
        0.28867512941360474,
        0.9428090453147888
    ],
    "z": [
        -0.47140443325042725,
        -0.8164966106414795,
        0.3333333432674408
    ]
}