{
    "origin": [
        -0.37389788031578064,
        -1.3523975610733032,
        0.5303030014038086
    ],
    "x": [
        0.9638421535491943,
        -0.2664738595485687,
        -3.093499145734313e-08
    ],
    "y": [
        0.09420790523290634,
        0.3407520651817322,
        0.9354212284088135
    ],
    "z": [
        -0.24926529824733734,
        -0.9015983939170837,
        0.35353514552116394
    ]
}