{
    "origin": [
        -0.022074345499277115,
        -1.3911267518997192,
        0.560606062412262
    ],
    "x": [
        0.9998741149902344,
        -0.01586596481502056,
        -2.298644607989786e-10
    ],
    "y": [
        0.005929704289883375,
        0.37369033694267273,
        0.9275345802307129
    ],
    "z": [
        -0.01471623033285141,
        -0.9274178147315979,
        0.3737373948097229
    ]
}