{
    "origin": [
        0.3250419497489929,
        -1.3398411273956299,
        0.5909090638160706
    ],
    "x": [
        0.9718115329742432,
        0.23575900495052338,
        1.4115112634272009e-08
    ],
    "y": [
        -0.09287471324205399,
        0.38283461332321167,
        0.9191365242004395
    ],
    "z": [
        0.21669471263885498,
        -0.8932275176048279,
        0.39393913745880127
    ]
}