{
    "origin": [
        0.64480060338974,
        -1.2034648656845093,
        0.6212121248245239
    ],
    "x": [
        0.8814533352851868,
        0.4722711145877838,
        -1.2453860165351216e-09
    ],
    "y": [
        -0.19558702409267426,
        0.36504629254341125,
        0.9102125763893127
    ],
    "z": [
        0.42986711859703064,
        -0.8023099303245544,
        0.41414138674736023
    ]
}