{
    "origin": [
        0.9167483448982239,
        -0.9925222992897034,
        0.6515151262283325
    ],
    "x": [
        0.7345916628837585,
        0.6785094738006592,
        7.349087383090591e-08
    ],
    "y": [
        -0.2947061359882355,
        0.3190649747848511,
        0.9007473587989807
    ],
    "z": [
        0.6111655831336975,
        -0.6616815328598022,
        0.4343433976173401
    ]
}