{
    "origin": [
        1.1239864826202393,
        -0.7223422527313232,
        0.6818181872367859
    ],
    "x": [
        0.5406408309936523,
        0.8412535190582275,
        1.001672416123256e-07
    ],
    "y": [
        -0.38238799571990967,
        0.2457457333803177,
        0.8907235860824585
    ],
    "z": [
        0.7493243217468262,
        -0.481561541557312,
        0.45454540848731995
    ]
}