{
    "origin": [
        1.2542678117752075,
        -0.4119412899017334,
        0.7121211886405945
    ],
    "x": [
        0.3120333254337311,
        0.9500711560249329,
        5.8086495613451916e-08
    ],
    "y": [
        -0.45104384422302246,
        0.1481369584798813,
        0.8801220655441284
    ],
    "z": [
        0.8361786007881165,
        -0.2746274471282959,
        0.4747474193572998
    ]
}