{
    "origin": [
        1.3007584810256958,
        -0.08266563713550568,
        0.7424242496490479
    ],
    "x": [
        0.06342402845621109,
        0.9979866743087769,
        5.692090709885633e-08
    ],
    "y": [
        -0.49395307898521423,
        0.03139164671301842,
        0.86892169713974
    ],
    "z": [
        0.8671722412109375,
        -0.055110540241003036,
        0.4949495792388916
    ]
}