{
    "origin": [
        1.2624152898788452,
        0.2433106154203415,
        0.7727272510528564
    ],
    "x": [
        -0.18925125896930695,
        0.9819287061691284,
        1.6233753896699454e-08
    ],
    "y": [
        -0.5058419108390808,
        -0.09749305993318558,
        0.8570992350578308
    ],
    "z": [
        0.841610312461853,
        0.16220709681510925,
        0.5151513814926147
    ]
}