{
    "origin": [
        1.1439557075500488,
        0.5445252656936646,
        0.8030303120613098
    ],
    "x": [
        -0.4297948181629181,
        0.9029265642166138,
        -7.245856892268421e-08
    ],
    "y": [
        -0.4833849370479584,
        -0.2300921082496643,
        0.844628095626831
    ],
    "z": [
        0.7626371383666992,
        0.363016813993454,
        0.5353534817695618
    ]
}