{
    "origin": [
        0.9554252624511719,
        0.8016970157623291,
        0.8333333134651184
    ],
    "x": [
        -0.6427878141403198,
        0.7660442590713501,
        3.438922391296728e-08
    ],
    "y": [
        -0.42558008432388306,
        -0.3571043014526367,
        0.8314794898033142
    ],
    "z": [
        0.6369500756263733,
        0.5344648361206055,
        0.5555554628372192
    ]
}