{
    "origin": [
        0.7113996148109436,
        0.9990209341049194,
        0.8636363744735718
    ],
    "x": [
        -0.8145760297775269,
        0.5800567865371704,
        7.960024817066369e-08
    ],
    "y": [
        -0.3339719772338867,
        -0.4689982831478119,
        0.8176205158233643
    ],
    "z": [
        0.47426638007164,
        0.6660140752792358,
        0.5757575035095215
    ]
}