{
    "origin": [
        0.4298771619796753,
        1.1252013444900513,
        0.8939393758773804
    ],
    "x": [
        -0.9341478943824768,
        0.35688620805740356,
        -4.008122722609642e-09
    ],
    "y": [
        -0.21268972754478455,
        -0.5567142963409424,
        0.8030145168304443
    ],
    "z": [
        0.2865847945213318,
        0.750134289264679,
        0.595959484577179
    ]
}