{
    "origin": [
        0.1309475302696228,
        1.1741502285003662,
        0.9242424368858337
    ],
    "x": [
        -0.9938384294509888,
        0.11083828657865524,
        -6.48493667654293e-08
    ],
    "y": [
        -0.06829434633255005,
        -0.6123650670051575,
        0.7876197695732117
    ],
    "z": [
        0.08729838579893112,
        0.7827668190002441,
        0.616161584854126
    ]
}