{
    "origin": [
        -0.43711215257644653,
        1.043554663658142,
        0.9848484992980957
    ],
    "x": [
        -0.9223542809486389,
        -0.38634511828422546,
        -5.1333046258150716e-08
    ],
    "y": [
        0.2536608576774597,
        -0.605586051940918,
        0.7542689442634583
    ],
    "z": [
        -0.29140815138816833,
        0.6957032084465027,
        0.6565655469894409
    ]
}