{
    "origin": [
        -0.6687717437744141,
        0.8787558078765869,
        1.0151515007019043
    ],
    "x": [
        -0.7957620620727539,
        -0.6056094169616699,
        -1.1127322352422198e-07
    ],
    "y": [
        0.40985679626464844,
        -0.538546085357666,
        0.7361966371536255
    ],
    "z": [
        -0.44584766030311584,
        0.5858373045921326,
        0.6767677068710327
    ]
}