{
    "origin": [
        -0.8455187082290649,
        0.6649232506752014,
        1.045454502105713
    ],
    "x": [
        -0.6181591749191284,
        -0.786052942276001,
        -7.725852735340766e-10
    ],
    "y": [
        0.5478549599647522,
        -0.43083810806274414,
        0.7171007394790649
    ],
    "z": [
        -0.5636791586875916,
        0.4432823956012726,
        0.6969695091247559
    ]
}