{
    "origin": [
        -0.9576491713523865,
        0.41911062598228455,
        1.075757622718811
    ],
    "x": [
        -0.4009305536746979,
        -0.9161084294319153,
        1.5021898036593484e-07
    ],
    "y": [
        0.657007098197937,
        -0.2875359356403351,
        0.696896493434906
    ],
    "z": [
        -0.6384327411651611,
        0.27940720319747925,
        0.7171717286109924
    ]
}