{
    "origin": [
        -1.000500202178955,
        0.1600913554430008,
        1.1060606241226196
    ],
    "x": [
        -0.15800127387046814,
        -0.9874389171600342,
        2.370643770177594e-08
    ],
    "y": [
        0.7281115055084229,
        -0.11650598049163818,
        0.6754849553108215
    ],
    "z": [
        -0.6670001149177551,
        0.10672751069068909,
        0.7373737692832947
    ]
}