{
    "origin": [
        -0.9746873378753662,
        -0.0930713564157486,
        1.1363636255264282
    ],
    "x": [
        0.09505616128444672,
        -0.9954718947410583,
        -3.70948605166177e-08
    ],
    "y": [
        0.7541454434394836,
        0.07201222330331802,
        0.6527472138404846
    ],
    "z": [
        -0.6497915387153625,
        -0.062047675251960754,
        0.7575758099555969
    ]
}