{
    "origin": [
        -0.8859506845474243,
        -0.32245969772338867,
        1.1666666269302368
    ],
    "x": [
        0.3420201539993286,
        -0.9396926164627075,
        2.738108939581707e-08
    ],
    "y": [
        0.7308720350265503,
        0.2660156786441803,
        0.6285393238067627
    ],
    "z": [
        -0.5906338095664978,
        -0.2149730920791626,
        0.7777777910232544
    ]
}