{
    "origin": [
        -0.7446252703666687,
        -0.5126370191574097,
        1.196969747543335
    ],
    "x": [
        0.5670598149299622,
        -0.823676586151123,
        -5.797337720991891e-09
    ],
    "y": [
        0.6572773456573486,
        0.4525023102760315,
        0.6026841402053833
    ],
    "z": [
        -0.496416836977005,
        -0.34175798296928406,
        0.7979798316955566
    ]
}