{
    "origin": [
        -0.564777672290802,
        -0.6517881751060486,
        1.2272727489471436
    ],
    "x": [
        0.755749523639679,
        -0.65486079454422,
        -1.8975542914745347e-08
    ],
    "y": [
        0.5357951521873474,
        0.6183404922485352,
        0.5749596357345581
    ],
    "z": [
        -0.37651851773262024,
        -0.4345255196094513,
        0.8181817531585693
    ]
}