{
    "origin": [
        -0.36307793855667114,
        -0.7325828671455383,
        1.2575757503509521
    ],
    "x": [
        0.8959937691688538,
        -0.4440666735172272,
        -1.979818087249896e-08
    ],
    "y": [
        0.37229833006858826,
        0.7511866688728333,
        0.545080304145813
    ],
    "z": [
        -0.24205198884010315,
        -0.4883885681629181,
        0.8383838534355164
    ]
}