{
    "origin": [
        -0.15749728679656982,
        -0.7527036666870117,
        1.2878787517547607
    ],
    "x": [
        0.9788024425506592,
        -0.20480668544769287,
        2.0167356673539416e-09
    ],
    "y": [
        0.17584411799907684,
        0.8403858542442322,
        0.5126699209213257
    ],
    "z": [
        -0.10499823093414307,
        -0.5018025636672974,
        0.858585774898529
    ]
}