{
    "origin": [
        0.0340600349009037,
        -0.7150081396102905,
        1.3181818723678589
    ],
    "x": [
        0.9988673329353333,
        0.04758191853761673,
        -6.017209841502336e-09
    ],
    "y": [
        -0.0418144091963768,
        0.8777924180030823,
        0.47721272706985474
    ],
    "z": [
        0.02270670235157013,
        -0.4766722023487091,
        0.8787878155708313
    ]
}