{
    "origin": [
        0.1950630396604538,
        -0.6273269057273865,
        1.3484848737716675
    ],
    "x": [
        0.9549022316932678,
        0.29692041873931885,
        1.0853862697501881e-08
    ],
    "y": [
        -0.26692846417427063,
        0.8584474325180054,
        0.4379693865776062
    ],
    "z": [
        0.13004204630851746,
        -0.4182179570198059,
        0.8989899158477783
    ]
}