{
    "origin": [
        0.3114399015903473,
        -0.5019453763961792,
        1.378787875175476
    ],
    "x": [
        0.8497254252433777,
        0.5272254943847656,
        -4.4799993048627584e-08
    ],
    "y": [
        -0.4846213757991791,
        0.7810606956481934,
        0.393809974193573
    ],
    "z": [
        0.20762668550014496,
        -0.3346303105354309,
        0.9191918969154358
    ]
}