{
    "origin": [
        0.372187077999115,
        -0.3548796772956848,
        1.4090908765792847
    ],
    "x": [
        0.6900790333747864,
        0.7237340211868286,
        7.105693811126912e-09
    ],
    "y": [
        -0.6798713803291321,
        0.6482560634613037,
        0.34283965826034546
    ],
    "z": [
        0.24812471866607666,
        -0.23658646643161774,
        0.939393937587738
    ]
}