{
    "origin": [
        0.3688276708126068,
        -0.20521020889282227,
        1.4393939971923828
    ],
    "x": [
        0.486196905374527,
        0.8738492727279663,
        -1.9896137359864952e-07
    ],
    "y": [
        -0.8385421633720398,
        0.46655261516571045,
        0.2813816964626312
    ],
    "z": [
        0.24588528275489807,
        -0.13680674135684967,
        0.9595959186553955
    ]
}