{
    "origin": [
        0.29036980867385864,
        -0.07534055411815643,
        1.4696969985961914
    ],
    "x": [
        0.2511478364467621,
        0.9679487347602844,
        -3.645273807251215e-07
    ],
    "y": [
        -0.9483941793441772,
        0.24607419967651367,
        0.19998988509178162
    ],
    "z": [
        0.19358006119728088,
        -0.05022668093442917,
        0.9797979593276978
    ]
}